{
  "id": "1417001",
  "name": "25期品优购",
  "font_family": "iconfont",
  "css_prefix_text": "icon-",
  "description": "",
  "glyphs": [
    {
      "icon_id": "2421761",
      "name": "右箭头",
      "font_class": "arrow-right",
      "unicode": "e600",
      "unicode_decimal": 58880
    },
    {
      "icon_id": "5062788",
      "name": "下箭头",
      "font_class": "down",
      "unicode": "e601",
      "unicode_decimal": 58881
    },
    {
      "icon_id": "7488862",
      "name": "搜索--1",
      "font_class": "soushuo",
      "unicode": "e602",
      "unicode_decimal": 58882
    },
    {
      "icon_id": "8106544",
      "name": "购物车",
      "font_class": "gouwuche1",
      "unicode": "e603",
      "unicode_decimal": 58883
    }
  ]
}
